{
	"type": "range",
	"radius": 50,
	"affects": ["Soldier"],
	"modifications": [
		{ "value": "Attack/Melee/Damage/Hack", "multiply": 1.2 },
		{ "value": "Attack/Melee/Damage/Pierce", "multiply": 1.2 },
		{ "value": "Attack/Melee/Damage/Crush", "multiply": 1.2 },
		{ "value": "Attack/Ranged/Damage/Hack", "multiply": 1.2 },
		{ "value": "Attack/Ranged/Damage/Pierce", "multiply": 1.2 },
		{ "value": "Attack/Ranged/Damage/Crush", "multiply": 1.2 }
	],
	"auraName": "Religious Fervor",
	"auraDescription": "Soldiers +20% melee and ranged attack damage.",
	"overlayIcon": "art/textures/ui/session/auras/attack_bonus.png"
}
