{
	"type": "global",
	"affects": ["Structure"],
	"modifications": [
		{ "value": "ProductionQueue/TechCostMultiplier/food", "multiply": 0.85 },
		{ "value": "ProductionQueue/TechCostMultiplier/wood", "multiply": 0.85 },
		{ "value": "ProductionQueue/TechCostMultiplier/stone", "multiply": 0.85 },
		{ "value": "ProductionQueue/TechCostMultiplier/metal", "multiply": 0.85 },
		{ "value": "ProductionQueue/TechCostMultiplier/time", "multiply": 0.85 }
	],
	"auraDescription": "Structures −15% technology resource costs and research time.",
	"auraName": "Centre of Scholarship"
}
