{
	"autoResearch": true,
	"icon": "upgrade_elite.png",
	"tooltip": "Elite units +20% training time, +25% health, +0.8 capture attack strength, +20% loot, and −30% gather speed; Healers +5 healing strength and +3 healing range; Melee units +1 resistance and +20% attack damage; Ranged units −20% spread.",
	"modifications": [
		{ "value": "Attack/Capture/Capture", "add": 0.8 },
		{ "value": "Attack/Melee/Damage/Hack", "multiply": 1.2, "affects": "Melee" },
		{ "value": "Attack/Melee/Damage/Pierce", "multiply": 1.2, "affects": "Melee" },
		{ "value": "Attack/Melee/Damage/Crush", "multiply": 1.2, "affects": "Melee" },
		{ "value": "Attack/Ranged/Spread", "multiply": 0.8, "affects": "Ranged" },
		{ "value": "Cost/BuildTime", "multiply": 1.2 },
		{ "value": "Health/Max", "multiply": 1.25 },
		{ "value": "Heal/Range", "add": 3, "affects": "Healer" },
		{ "value": "Heal/Health", "add": 5, "affects": "Healer" },
		{ "value": "Loot/food", "multiply": 1.2 },
		{ "value": "Loot/wood", "multiply": 1.2 },
		{ "value": "Loot/stone", "multiply": 1.2 },
		{ "value": "Loot/metal", "multiply": 1.2 },
		{ "value": "Loot/xp", "multiply": 1.2 },
		{ "value": "Resistance/Entity/Damage/Hack", "add": 1, "affects": "Melee" },
		{ "value": "Resistance/Entity/Damage/Pierce", "add": 1, "affects": "Melee" },
		{ "value": "Resistance/Entity/Damage/Crush", "add": 1, "affects": "Melee" },
		{ "value": "ResourceGatherer/BaseSpeed", "multiply": 0.7 }
	],
	"affects": ["Elite Unit"]
}
