{
	"genericName": "Salting Fish",
	"description": "Salting allows to preserve fish longer.",
	"cost": { "food": 200, "wood": 100, "stone": 0, "metal": 0 },
	"requirements": { "tech": "phase_town" },
	"requirementsTooltip": "Unlocked in Town Phase.",
	"supersedes": "fishing_boat_gather_rate",
	"icon": "fish.png",
	"researchTime": 50,
	"tooltip": "Fishing Boats +20 food capacity.",
	"modifications": [
		{ "value": "ResourceGatherer/Capacities/food", "add": 20 }
	],
	"affects": ["FishingBoat"],
	"soundComplete": "interface/alarm/alarm_upgradearmory.xml"
}
