{
	"genericName": "Conscription",
	"description": "Significantly increase training speed of infantry by training them in large batches or companies.",
	"cost": {
		"food": 500
	},
	"requirements": { "tech": "phase_city" },
	"requirementsTooltip": "Unlocked in City Phase.",
	"icon": "fist_spear_fire.png",
	"researchTime": 40,
	"tooltip": "Barracks −10% batch training time.",
	"modifications": [
		{ "value": "ProductionQueue/BatchTimeModifier", "add": -0.1 }
	],
	"affects": ["Barracks"],
	"soundComplete": "interface/alarm/alarm_upgradearmory.xml"
}
