{
	"type": "range",
	"radius": 60,
	"affects": ["Soldier"],
	"modifications": [
		{ "value": "Attack/Melee/Damage/Hack", "multiply": 1.1 },
		{ "value": "Attack/Melee/Damage/Pierce", "multiply": 1.1 },
		{ "value": "Attack/Melee/Damage/Crush", "multiply": 1.1 },
		{ "value": "Attack/Ranged/Damage/Hack", "multiply": 1.1 },
		{ "value": "Attack/Ranged/Damage/Pierce", "multiply": 1.1 },
		{ "value": "Attack/Ranged/Damage/Crush", "multiply": 1.1 },
		{ "value": "Looter/Resource/food", "multiply": 1.5 },
		{ "value": "Looter/Resource/wood", "multiply": 1.5 },
		{ "value": "Looter/Resource/stone", "multiply": 1.5 },
		{ "value": "Looter/Resource/metal", "multiply": 1.5 }
	],
	"auraName": "Savior of Kush",
	"auraDescription": "Soldiers +10% melee and ranged attack damage, gain +50% resource loot."
}
