{
	"type": "global",
	"affects": ["Soldier"],
	"modifications": [
		{ "value": "Attack/Melee/Damage/Hack", "multiply": 1.2 },
		{ "value": "Attack/Melee/Damage/Pierce", "multiply": 1.2 },
		{ "value": "Attack/Melee/Damage/Crush", "multiply": 1.2 },
		{ "value": "Attack/Ranged/Damage/Hack", "multiply": 1.2 },
		{ "value": "Attack/Ranged/Damage/Pierce", "multiply": 1.2 },
		{ "value": "Attack/Ranged/Damage/Crush", "multiply": 1.2 },
		{ "value": "Health/Max", "multiply": 0.85 }
	],
	"auraName": "Pyrrhic Victory",
	"auraDescription": "Soldiers +20% melee and ranged attack damage, −15% health.",
	"overlayIcon": "art/textures/ui/session/auras/attack_bonus.png"
}
