{
	"type": "global",
	"affects": ["Elephant"],
	"affectedPlayers": ["ExclusiveMutualAlly"],
	"civ": "kush",
	"modifications": [
		{ "value": "Cost/BuildTime", "multiply": 0.8 },
		{ "value": "Cost/Resources/food", "multiply": 0.8 },
		{ "value": "Cost/Resources/wood", "multiply": 0.8 },
		{ "value": "Cost/Resources/stone", "multiply": 0.8 },
		{ "value": "Cost/Resources/metal", "multiply": 0.8 }
	],
	"auraName": "Elephant Suppliers",
	"auraDescription": "Allied Elephants −20% resource costs and training time."
}
