<?xml version="1.0" encoding="utf-8"?>
<actor version="1">
  <castshadow/>
  <group>
    <variant frequency="1" name="Base">
      <mesh>skeletal/new/m_armor_tunic_long.dae</mesh>
      <props>
        <prop actor="props/units/heads/new/head_pers_a.xml" attachpoint="head"/>
        <prop actor="props/units/helmets/pers_conical_a1.xml" attachpoint="helmet"/>
        <prop actor="props/units/weapons/bow_recurve.xml" attachpoint="weapon_bow"/>
      </props>
      <textures>
        <texture file="skeletal/judea_scale_1_spec.png" name="specTex"/>
      </textures>
    </variant>
  </group>
  <group>
    <variant frequency="1" name="Judea-Scale-1a">
      <textures>
        <texture file="skeletal/judea_scale_1_a.png" name="baseTex"/>
      </textures>
    </variant>
    <variant frequency="1" name="Judea-Scale-1b">
      <textures>
        <texture file="skeletal/judea_scale_1_b.png" name="baseTex"/>
      </textures>
    </variant>
    <variant frequency="1" name="Judea-Scale-1c">
      <textures>
        <texture file="skeletal/judea_scale_1_c.png" name="baseTex"/>
      </textures>
    </variant>
  </group>
  <group>
    <variant file="biped/rider/camelry/base_archer_relax.xml"/>
    <variant file="biped/rider/camelry/carry_meat.xml"/>
  </group>
  <group>
    <variant frequency="1" name="Idle"/>
    <variant file="biped/rider/camelry/promotion.xml"/>
    <variant file="biped/rider/camelry/attack_ranged_archer_right.xml"/>
    <variant file="biped/rider/camelry/attack_slaughter.xml"/>
    <variant file="biped/rider/camelry/gather_meat.xml"/>
  </group>
  <material>player_trans_spec.xml</material>
</actor>
