{
	"genericName": "Athenian Long Walls",
	"description": "The Long Walls of Athens were constructed under the auspices of the wily Themistocles and extended 6 km from the city to the port of Piraeus. This secured the city's sea supply routes and prevented an enemy from starving out the city during a siege.",
	"cost": {
		"stone": 400
	},
	"requirements": {
		"all": [
			{ "tech": "phase_city" },
			{ "civ": "athen" }
		]
	},
	"requirementsTooltip": "Unlocked in City Phase.",
	"icon": "masonry_marble.png",
	"researchTime": 60,
	"tooltip": "Build Walls in own or neutral territory.",
	"modifications": [
		{ "value": "BuildRestrictions/Territory", "replace": "own neutral" }
	],
	"affects": ["Wall"],
	"soundComplete": "interface/alarm/alarm_upgradearmory.xml"
}
