{
	"genericName": "Emperor of Emperors",
	"specificName": {
		"maur": "Chakravarti Samrāt"
	},
	"autoResearch": true,
	"description": "The Mauryan Empire encompassed dozens of formerly independent kingdoms over an area of 5 million square kilometers, with a population of close to 60 million people. The Mauryan regents held the title Emperor of Emperors and commanded a standing army of 600,000 infantry, 9000 elephants, 8000 chariots, and 30,000 cavalry, making it arguably the largest army of its time.",
	"requirements": { "civ": "maur" },
	"icon": "population.png",
	"tooltip": "+10% maximum population limit.",
	"modifications": [
		{ "value": "Player/MaxPopulation", "multiply": 1.1 }
	]
}
