{
	"genericName": "Triple Walls",
	"autoResearch": true,
	"description": "Carthaginians built their city walls in three concentric circuits. These walls were never breached. Even when the city was taken by the Romans, it was via the city's harbor, not by storming its walls.",
	"icon": "wall.png",
	"tooltip": "City Walls +100% build time, +100% stone cost, and +200% health.",
	"requirements": { "civ": "cart" },
	"modifications": [
		{ "value": "Cost/BuildTime", "multiply": 2 },
		{ "value": "Cost/Resources/stone", "multiply": 2 },
		{ "value": "Health/Max", "multiply": 3 }
	],
	"affects": ["Wall"]
}
