{
	"genericName": "Colonization",
	"description": "Carthaginians established many trading centers as colonies and ultimately held dominion over 300 cities and towns in North Africa alone.",
	"cost": {
		"wood": 500,
		"metal": 500
	},
	"requirements": {
		"all": [
			{ "tech": "phase_town" },
			{ "civ": "cart" }
		]
	},
	"requirementsTooltip": "Unlocked in Town Phase.",
	"icon": "political_face.png",
	"researchTime": 60,
	"tooltip": "Civic Structures −25% build time.",
	"modifications": [
		{ "value": "Cost/BuildTime", "multiply": 0.75 }
	],
	"affects": ["Civic"],
	"soundComplete": "interface/alarm/alarm_upgradearmory.xml"
}
