{
	"genericName": "Conscription",
	"description": "Significantly increase training speed of cavalry by training them in large batches or squadrons.",
	"cost": {
		"food": 500
	},
	"requirements": { "tech": "phase_city" },
	"requirementsTooltip": "Unlocked in City Phase.",
	"icon": "horseshoe_gold.png",
	"researchTime": 40,
	"tooltip": "Stables −10% batch training time.",
	"modifications": [
		{ "value": "ProductionQueue/BatchTimeModifier", "add": -0.1 }
	],
	"affects": ["Stable"],
	"soundComplete": "interface/alarm/alarm_upgradearmory.xml"
}
