<?xml version="1.0" encoding="utf-8"?>
<actor version="1">
  <castshadow/>
  <group>
    <variant frequency="1" name="Base">
      <mesh>skeletal/new/m_armor_pants_tunic_long.dae</mesh>
      <props>
        <prop actor="props/units/heads/new/head_pers_a.xml" attachpoint="head"/>
        <prop actor="props/units/helmets/pers_conical_a1.xml" attachpoint="helmet"/>
        <prop actor="props/units/weapons/axe_sagaris.xml" attachpoint="weapon_R"/>
        <prop actor="props/units/shields/pers_back_curved_iron.xml" attachpoint="back"/>
        <prop actor="props/units/shields/pers_buckler_1.xml" attachpoint="shield_arm"/>
      </props>
    </variant>
  </group>
  <group>
    <variant frequency="1" name="Armor Iron Scales">
      <textures>
        <texture file="skeletal/pers_su1_anusiya_iron.dds" name="baseTex"/>
      </textures>
    </variant>
    <variant frequency="1" name="scale-1a">
      <textures>
        <texture file="skeletal/pers_scale_1_a.png" name="baseTex"/>
      </textures>
    </variant>
    <variant frequency="1" name="scale-1c">
      <textures>
        <texture file="skeletal/pers_scale_1_c.png" name="baseTex"/>
      </textures>
    </variant>
    <variant frequency="1" name="scale-1f">
      <textures>
        <texture file="skeletal/pers_scale_1_f.png" name="baseTex"/>
      </textures>
    </variant>
    <variant frequency="1" name="scale-1i">
      <textures>
        <texture file="skeletal/pers_scale_1_i.png" name="baseTex"/>
      </textures>
    </variant>
    <variant frequency="1" name="scale-sleeve-top-1b">
      <textures>
        <texture file="skeletal/pers_scale_sleeve_top_1_b.png" name="baseTex"/>
        <texture file="skeletal/pers_scale_sleeve_top_1_spec.png" name="specTex"/>
      </textures>
    </variant>
    <variant frequency="1" name="scale-sleeve-bottom-1b">
      <textures>
        <texture file="skeletal/pers_scale_sleeve_bottom_1_b.png" name="baseTex"/>
        <texture file="skeletal/pers_scale_sleeve_bottom_1_spec.png" name="specTex"/>
      </textures>
    </variant>
    <variant frequency="1" name="scale-sleeve-full-1b">
      <textures>
        <texture file="skeletal/pers_scale_sleeve_full_1_b.png" name="baseTex"/>
        <texture file="skeletal/pers_scale_sleeve_full_1_spec.png" name="specTex"/>
      </textures>
    </variant>
  </group>
  <group>
    <variant file="biped/rider/cavalry/base_swordsman_relax_shield.xml" frequency="1" name="Swordsman-Relax-Shield"/>
    <variant file="biped/rider/carry_meat.xml"/>
  </group>
  <group>
    <variant frequency="1" name="Idle"/>
    <variant file="biped/rider/promotion_shield.xml"/>
    <variant file="biped/rider/attack_slaughter_shield_pers.xml"/>
    <variant file="biped/gather_meat.xml"/>
    <variant file="biped/rider/death_shield.xml"/>
  </group>
  <material>player_trans.xml</material>
</actor>
