{
	"genericName": "Wooden Construction",
	"autoResearch": true,
	"description": "Celtic structures were mostly made of wood with rubble foundations.",
	"requirements": {
		"any": [
			{ "civ": "brit" },
			{ "civ": "gaul" }
		]
	},
	"icon": "wooden_buildings.png",
	"tooltip": "Structures −20% build time, −20% health, and −20% capture points.",
	"modifications": [
		{ "value": "Capturable/CapturePoints", "multiply": 0.8 },
		{ "value": "Cost/BuildTime", "multiply": 0.8 },
		{ "value": "Health/Max", "multiply": 0.8 }
	],
	"affects": ["Structure !Wonder"]
}
