{
	"genericName": "Levy Cavalry",
	"description": "Calling up cavalry levies in time of war helps bolster the ranks of a king's army.",
	"cost": {
		"food": 300
	},
	"requirements": {
		"all": [
			{ "tech": "phase_town" },
			{ "civ": "pers" }
		]
	},
	"requirementsTooltip": "Unlocked in Town Phase.",
	"icon": "horseshoe_silver.png",
	"researchTime": 40,
	"tooltip": "Cavalry −10% training time.",
	"modifications": [
		{ "value": "Cost/BuildTime", "multiply": 0.9 }
	],
	"affects": ["Cavalry"],
	"soundComplete": "interface/alarm/alarm_upgradearmory.xml"
}
