<?xml version="1.0" encoding="UTF-8"?>
<actor version="1">
  <castshadow/>
  <group>
    <variant file="biped/base_archer_gastraphetes_relax.xml">
      <mesh>skeletal/new/m_tunic_long.dae</mesh>
      <props>
        <prop actor="props/units/helmets/hele_boeotian.xml" attachpoint="helmet"/>
        <prop actor="props/units/heads/new/head_hele_b.xml" attachpoint="head"/>
        <prop actor="props/units/weapons/gastraphetes.xml" attachpoint="weapon_L"/>
        <prop actor="props/units/quiver_back.xml" attachpoint="back"/>
      </props>
      <textures>
        <texture file="skeletal/athen_epilektos_1.png" name="baseTex"/>
      </textures>
    </variant>
  </group>
  <group>
    <variant frequency="1" name="Idle"/>
    <variant file="biped/attack_ranged_gastraphetes_fire.xml"/>
    <variant file="biped/attack_slaughter.xml"/>
    <variant file="biped/attack_capture.xml"/>
    <variant file="biped/death_infantry.xml"/>
  </group>
  <material>player_trans.xml</material>
</actor>
