{
	"genericName": "Hellenic Architecture",
	"autoResearch": true,
	"description": "The Greeks used stone construction from early Mycenaean times.",
	"requirements": {
		"any": [
			{ "civ": "athen" },
			{ "civ": "mace" },
			{ "civ": "spart" }
		]
	},
	"icon": "ionic_column.png",
	"tooltip": "Structures +10% health and +10% capture points.",
	"modifications": [
		{ "value": "Capturable/CapturePoints", "multiply": 1.1 },
		{ "value": "Health/Max", "multiply": 1.1 }
	],
	"affects": ["Structure !Wonder"]
}
