{
	"genericName": "Hellenistic Metropolis",
	"description": "Beginning with Alexander, the Hellenistic monarchs founded many cities throughout their empires, where Greek culture and art blended with local customs to create the motley Hellenistic civilization.",
	"cost": {
		"stone": 500,
		"metal": 500
	},
	"requirements": {
		"all": [
			{ "tech": "phase_city" },
			{
				"any": [
					{ "civ": "mace" },
					{ "civ": "ptol" },
					{ "civ": "sele" }
				]
			}
		]
	},
	"requirementsTooltip": "Unlocked in City Phase.",
	"icon": "statue_face_stone.png",
	"researchTime": 60,
	"tooltip": "Civic Centers +100% health and capture points, double default arrows.",
	"modifications": [
		{ "value": "BuildingAI/DefaultArrowCount", "multiply": 2 },
		{ "value": "Capturable/CapturePoints", "multiply": 2 },
		{ "value": "Health/Max", "multiply": 2 }
	],
	"affects": ["CivCentre !Colony !Naval"],
	"soundComplete": "interface/alarm/alarm_upgradearmory.xml"
}
