{
	"genericName": "Glorious Expansion",
	"specificName": {
		"athen": "Peristasis",
		"mace": "Peristasis",
		"ptol": "Peristasis",
		"sele": "Peristasis",
		"spart": "Peristasis"
	},
	"description": "The wonder attracts many more people to your civilization.",
	"cost": {
		"food": 2000,
		"wood": 3000,
		"stone": 500,
		"metal": 500
	},
	"requirements": { "tech": "phase_city" },
	"requirementsTooltip": "Unlocked in City Phase.",
	"icon": "special_treasure.png",
	"researchTime": 120,
	"tooltip": "Enable the “Glorious Expansion” aura: +20% maximum population limit per Wonder owned.",
	"soundComplete": "interface/alarm/alarm_upgradearmory.xml"
}
