{
	"genericName": "Unlock Champion Infantry",
	"specificName": {
		"mace": "Agēma",
		"ptol": "Agēma",
		"rome": "Regio Cohors"
	},
	"description": "Guard units (Champions) are professionals who wield the best weapons and have the best training.",
	"cost": {
		"food": 600
	},
	"requirements": {
		"all": [
			{ "tech": "phase_city" },
			{ "notciv": "athen" },
			{ "notciv": "cart" },
			{ "notciv": "pers" },
			{ "notciv": "sele" },
			{ "notciv": "spart" }
		]
	},
	"requirementsTooltip": "Unlocked in City Phase.",
	"icon": "helmet_corinthian_crest.png",
	"researchTime": 60,
	"tooltip": "Unlock Champions Infantry at the Barracks.",
	"soundComplete": "interface/alarm/alarm_upgradearmory.xml"
}
